name,quantity,price
Sporty Leggings,1,39.99
Garlic Breadsticks,2,3.49
Garlic Parmesan Roasted Potatoes,3,3.99
Frozen Hash Browns,4,2.99
Poppy Seed Dressing,5,3.49
Mini Hand Gesture Drone,6,29.99
Honey Glazed Carrots,7,3.49
Coffee Maker,8,89.99
Puffed Rice Cake,9,2.49
Mobile Workbench,10,199.99
Vegan Protein Powder,11,34.99
Coconut Macaroons,12,4.99
Peanut Butter Chocolate Clusters,13,2.99
Chocolate Peanut Butter Cups,14,2.29
Harvest Grain Salad,15,5.49
Self-Cleaning Cat Litter Box,16,199.99
Leather Crossbody Bag,17,89.99
Garlic Herb Grilled Chicken,18,8.99
Smart Plant Monitor,19,24.99
Faux Leather Leggings,20,49.99
Balsamic Salad Dressing,21,2.99
Caraway Rye Bread,22,4.79
Basil Lemonade,23,2.99
Leather Notebook Cover,24,29.99
Sports Bottle,25,15.99
Curried Lentil Salad,26,4.29
Legging Pants,27,34.99
Savory Oats,28,2.49
Sushi Rice,29,3.99
Plant Pot Drip Trays,30,9.99
Stainless Steel Mixing Bowls,31,29.99
Yoga Mat Carrier,32,12.99
Coconut Granola,33,4.19
Honey Butter Popcorn,34,2.99
Honey Wheat Pretzels,35,3.49
Freestanding Wine Rack,36,79.99
Handmade Leather Wallet,37,49.99
Smart Plug,38,19.99
Crafting Kit,39,29.99
Lemon Zest Olive Oil,40,8.99
Peanut Butter Banana Smoothie,41,3.99
Mini Fondue Set,42,34.99
Chickpea Salad,43,5.49
Blueberry Muffin Mix,44,4.29
Potato Wedge Seasoning,45,2.49
Frozen Hash Browns,46,2.99
Digital Camera,47,299.99
Herb Seasoned Couscous,48,2.49
Savory Pumpkin Soup,49,3.89
Plant Growing Kit,50,22.99
Pepper Jack Cheese Slices,51,3.49
Voice-Controlled Speaker,52,99.99
Waffle Maker,53,39.99
Electric Heating Pad,54,20.99
Fashionable Scarves Set,55,24.99
Fire Roasted Salsa,56,2.49
Adjustable Skipping Rope,57,12.99
Collapsible Storage Crates,58,18.99
Durable Hiking Boots,59,89.99
Bock Beer Mustard,60,2.29
Non-Stick Baking Sheets,61,29.99
Peanut Butter Protein Balls,62,5.29
Hand Mixer,63,29.99
Teriyaki Chicken Skewers,64,8.99
Italian Sausage and Peppers,65,8.99
Vegetable Lasagna,66,6.99
Cinnamon Sugar Popcorn,67,2.89
Chickpea Pancakes,68,4.99
Personalized Cutting Board,69,34.99
Watercolor Paint Set,70,19.99
Vegetable Pizza Rolls,71,6.49
Garlic Butter Sauce,72,3.59
Peanut Butter,73,3.79
Marinara Parmesan Baked Ziti,74,8.49
Chic Jumpsuit,75,89.99
Instant Camera,76,89.99
Black Bean & Corn Salad,77,3.99
Reusable Produce Bags Set,78,14.99
Self-Watering Planters,79,49.99
Wireless Smart Plug,80,19.99
Non-Slip Yoga Socks,81,12.99
Raspberry Tart,82,5.49
Vegan Chocolate Cake Mix,83,4.29
Comfy Slippers,84,29.99
Beef Sirloin Steak,85,15.99
Caramel Sauce,86,3.49
Luxe Velvet Blazer,87,89.99
Sooji (Semolina),88,1.99
Incense Holder,89,14.99
Balsamic Vinegar,90,4.99
Bird Feeder,91,24.99
Raspberry Limeade,92,1.99
Crafting Kit,93,29.99
Phone Case,94,14.99
High-Pressure Handheld Shower Head,95,39.99
Fridge Magnet Set,96,15.99
Arcade Game Machine,97,299.99
High-Speed HDMI Cable,98,12.99
Camping Tarp,99,32.99
Avocado Oil Mayo,100,5.29
Teriyaki Chicken Skewers,101,8.99
Baking Powder,102,1.79
Roasted Garlic Butter,103,3.29
Asian Salad Mix,104,3.99
Peach Slices (canned),105,2.49
Pressure Cooker,106,89
Sweet Corn Fritters,107,4.49
Toilet Paper (12 rolls),108,8.99
Mango Chilli Sauce,109,3.99
Marinated Artichokes,110,3.79
Organic Coconut Yogurt,111,4.49
Stylish Wide-Leg Trousers,112,59.99
Brazil Nuts,113,10.99
Strawberry Banana Smoothie Pack,114,4.99
Buffalo Cauliflower Wings,115,6.99
Wooden Kitchen Utensil Set,116,19.99
Coloring Books for Adults,117,14.99
Air Purifier,118,129.99
Children's Educational Workbook,119,12.99
High-Low Hem Tee,120,22.99
Herbal Tea Sampler Box,121,29.99
Karaoke Microphone,122,39.99
Savory Mushroom Risotto,123,6.49
Lentil Pasta,124,4.99
Garlic and Herb Rub,125,2.29
Digital Photo Frame,126,79.99
Outdoor Picnic Blanket,127,34.99
Compact Portable Grill,128,79.99
White Rice,129,1.49
Peach Salsa,130,3.29
Oatmeal Raisin Cookies,131,3.49
Golf Putting Green,132,79.99
Pumpkin Spice Pancake Mix,133,3.49
Peanut Butter Granola,134,4.99
Classic BBQ Sauce,135,2.79
Organic Blueberries,136,5.49
Travel Mug with Leak-Proof Lid,137,24.99
Dried Cranberries,138,4.29
Adjustable Garden Rake,139,22.99
Smart Home Hub,140,99.99
Portable Solar Charger,141,29.99
Creamy Coleslaw Mix,142,2.39
Car Phone Mount,143,15.99
Outdoor Mosquito Repellent Lantern,144,34.99
Spicy Avocado Salsa,145,4.49
Herbed Chicken Breast,146,7.99
Travel Size Toiletry Bottles,147,9.99
Pasta Maker,148,39
Coconut Oil,149,6.49
Marinated Artichokes,150,3.79
Portable Refrigerator Freezer,151,299.99
Honey Roasted Peanuts,152,3.19
Smartphone Gimbal,153,89.99
Party Mini Dress,154,69.99
Garden Vegetable Soup,155,3.29
Hot Dog Buns,156,2.49
Pet Caress Brush,157,12.99
Coconut Oil Spray,158,4.99
Pet Travel Bowl,159,10.99
Maple Almond Butter,160,5.49
DIY Candle Making Kit,161,22.99
Children's Musical Instrument Set,162,39.99
Compact Refrigerator,163,199.99
Chili Con Carne Mix,164,2.99
Organic Chia Seeds,165,7.99
Kale Salad with Lemon Dressing,166,4.99
Pressure Cooker,167,89
USB Flash Drive,168,9.99
Whole Grain Mustard,169,3.49
Chili Lime Seasoning,170,2.99
Basil-infused Olive Oil,171,6.99
Organic Italian Seasoning,172,2.99
Garlic Parmesan Roasted Nuts,173,4.89
Tattoo Kit,174,99.99
Slingback Sandals,175,29.99
Smartphone Projector,176,29.99
Personalized Keychain,177,10.99
Customizable Photo Calendar,178,19.99
Wireless Earbud Silicone Covers,179,9.99
Stainless Steel BBQ Grill Set,180,49.99
Classic Leather Wallet,181,34.99
Teriyaki Salmon Fillets,182,9.99
Cooking Utensil Set,183,24.99
Indoor Grill,184,59.99
Herb Garden Planter Box,185,49.99
Spaghetti Sauce,186,2.99
French Bread,187,2.49
Tomato Sauce,188,2.79
Overnight Duffle Bag,189,34.99
Organic Coconut Flour,190,5.49
Mini Fondue Set,191,34.99
Chopping Board,192,29.99
Spicy Hummus,193,3.49
Lemon Zest Olive Oil,194,8.99
Habanero Hot Sauce,195,3.79
Ground Cinnamon,196,1.99
Bird Feeder,197,24.99
Italian Meatballs,198,8.49
Multi-Purpose Marine Rope,199,19.99
Gaming Mousepad,200,19.99
Luxury Rolling Makeup Case,201,99.99
Basil Pesto Pasta,202,6.49
Smoked Gouda Cheese,203,5.49
Telescope,204,159.99
Children's Educational Workbook,205,12.99
Portable Massage Table,206,199.99
Baby Safety Corner Guards,207,9.99
Mediterranean Couscous Salad,208,5.49
Electric Food Slicer,209,99.99
Dish Soap Dispenser,210,18.99
Maple Chipotle Glaze,211,3.49
Roasted Garlic Mashed Potatoes,212,3.99
Honeycrisp Apple Chips,213,3.49
Fresh Lemons,214,0.75
Red Lentils,215,1.99
Fitness Resistance Bands Kit,216,29.99
Magnetic Curtain Tiebacks,217,12.99
Black Bean Spaghetti,218,3.99
Organic Cereal Bars,219,4.29
Snap-On Tupperware Set,220,34.99
Crispy Kale Chips,221,2.99
Blueberry Chia Jam,222,4.99
Compact Dishwasher,223,299.99
Paint By Numbers Kit,224,24.99
Savory Pumpkin Soup,225,3.89
Chipotle Black Bean Salad,226,3.29
Magnetic Whiteboard,227,34.99
Cinnamon Sugar Mix,228,1.49
DIY Candle Making Kit,229,22.99
Blue Corn Tortilla Chips,230,3.49
Chili Garlic Sauce,231,2.49
Wireless Charger Stand,232,24.99
Blue Corn Tortilla Chips,233,3.49
Organic Green Tea,234,4.29
Salsa Verde,235,3.49
Collapsible Folding Chair,236,29.99
Coffee Subscription Service,237,29.99
Infrared Thermometer,238,39.99
Mango Chia Pudding,239,4.49
Bamboo Utensil Set,240,14.99
Portable Campfire,241,39.99
Craft Beer Mustard,242,3.99
Set of Herb Garden Markers,243,8.99
Puffed Rice Cake,244,2.49
Dog Car Seat Cover,245,39.99
Solar Garden Lights,246,39.99
Chocolate Fudge Brownie Mix,247,2.99
Coconut Chia Pudding,248,3.49
Honey Mustard Sauce,249,3.29
Pizza Stone,250,29.99
Peas (frozen),251,1.89
High-Top Leather Boots,252,99.99
Mango Salsa,253,3.49
Wooden Kitchen Utensil Set,254,19.99
Tattoo Kit,255,99.99
Bike Repair Tool Kit,256,29.99
Taro Chips,257,3.59
Classic Black Dress,258,79.99
Sweet Potato & Kale Hash,259,5.49
Spicy Tuna Rolls,260,6.49
Feta Cheese Crumbles,261,2.49
Teriyaki Beef Strips,262,7.49
Peanut Butter Chocolate Chip Bars,263,4.59
Sriracha Sauce,264,3.19
Peach Mango Smoothie,265,3.49
Basil Pesto Pasta,266,6.49
Creamy Coleslaw Mix,267,2.39
Olive Oil,268,7.99
Art Supplies Organizer,269,18.99
Beef Chili,270,4.5
Garlic Parmesan Roasted Nuts,271,4.89
Travel Mug with Leak-Proof Lid,272,24.99
Oven Mitts,273,15.99
Peanut Butter Chocolate Clusters,274,2.99
Sweet Chili Thai Sauce,275,3.49
Face Mask Set,276,19.99
Smashed Avocado with Lime,277,2.49
Crispy Chickpeas,278,2.99
Garlic & Herb Goat Cheese,279,5.49
Pasta Maker Machine,280,59.99
Rice Noodles,281,3.49
Dried Apricots,282,3.79
Bamboo Cutting Board Set,283,34.99
Sunglasses,284,29.99
Electric Heat Pad,285,24.99
Snap-On Tupperware Set,286,34.99
Organic Coconut Sugar,287,4.19
Bamboo Bathtub Caddy,288,34.99
Coffee Grinder,289,39.99
Personal Safety Alarm,290,12.99
Folding Backpack Chair,291,49.99
Kale Salad with Lemon Dressing,292,4.99
Compressible Packing Cubes,293,29.99
Pet Camera with Treat Dispenser,294,149.99
Classic Watch,295,99.99
Classic BBQ Sauce,296,2.79
Adjustable Pet Grooming Table,297,109.99
Classic Cheesecake Mix,298,4.99
Magnetic Phone Case,299,19.99
Fitness Resistance Bands Kit,300,29.99
Portable Charger with Solar Panel,301,45.99
Blueberry Oatmeal Cups,302,3.29
Vegetarian Pizza,303,5.49
Ceramic Bakeware Set,304,49.99
Puzzle 3D Model Kit,305,22.99
Golf Putting Green,306,79.99
Incense Holder,307,14.99
Spicy Thai Chili Sauce,308,3.29
Portable Solar Charger,309,29.99
Peanut Butter Cookies,310,3.49
Non-Stick Baking Sheets,311,29.99
Roasted Chickpeas,312,2.99
Memory Foam Mattress Topper,313,109.99
Sweet Chili Thai Sauce,314,3.49
Multi-Functional Rice Cooker,315,49.99
Pasta Primavera,316,4.99
Self-Watering Planters,317,49.99
Fruit and Nut Medley,318,5.99
Wireless Security System,319,299.99
Sports Water Bottle with Infuser,320,19.99
Wall Art,321,45
Sweet Potatoes,322,0.89
Essential Oils Diffuser Necklace,323,19.99
Dark Chocolate Tart,324,6.29
Blender Bottle,325,12.99
Wireless Charger,326,24.99
Memory Foam Pillow,327,39.99
Portable Phone Charger,328,29.99
Chickpeas,329,1.29
Fried Rice,330,4.29
Cinnamon Sugar Tortilla Chips,331,3.29
Kale Chips,332,3.99
Rice Noodles,333,3.49
Creamy Garlic Mashed Potatoes,334,3.99
Pet Bed with Removable Cover,335,49.99
Fitness Activity Journal,336,14.99
Reversible Comforter Set,337,89.99
Two-Tier Fruit Basket,338,29.99
Nut Mix,339,5.99
Silicone Baking Cups,340,10.99
Caribbean Jerk Marinade,341,3.79
Chia Seed Pudding Mix,342,4.19
Wild Rice Pilaf,343,3.79
Whole Grain Mustard,344,3.49
Portable Electric Fan,345,24.99
Organic Green Tea,346,4.29
Cranberry Almond Biscotti,347,4.19
Watercolor Brush Pens,348,19.99
Adjustable Pet Grooming Table,349,109.99
Lemon Zest Olive Oil,350,8.99
Herbal Tea Infuser,351,9.99
Ranch Dressing,352,2.59
Lemon Zest Olive Oil,353,8.99
Smartphone Gimbal,354,89.99
Maple Glazed Carrots,355,3.29
Vegetable and Cheese Quesadillas,356,6.99
Cream Cheese,357,2.69
Printed Maxi Skirt,358,39.99
Casual Long Cardigan,359,45.99
Elderberry Syrup Kit,360,22.99
Travel Eye Mask with Ear Plugs,361,15.99
Linen Trousers,362,44.99
Herb Garlic Butter,363,3.99
Handcrafted Wooden Jewelry Box,364,39.99
Multi-Function Meat Tenderizer,365,19.99
Kids' Outdoor Explorer Kit,366,24.99
Cheese Stuffed Jalapenos,367,5.99
Plant Growing Kit,368,22.99
LED Desk Lamp with USB Charging,369,39.99
Sweet Chili Sauce,370,2.99
Electric Griddle with Removable Plates,371,59.99
Chocolate Mint Protein Shake,372,3.99
Backpacking Tent,373,109.99
Classic Slim Fit Shirt,374,49.99
Spicy Italian Sausage,375,4.99
Cotton Tote Bag Set,376,29.99
Chic Jumpsuit,377,89.99
Folding Table,378,59.99
Honey BBQ Riblets,379,12.99
Electric Stool Heater,380,29.99
Cranberry Juice,381,3.69
Gluten-Free Biscuits,382,3.79
Organic Baby Carrots,383,2.99
Blue Corn Tortilla Chips,384,3.49
Patterned Knit Scarf,385,25.99
Smart Light Bulbs,386,34.99
Classic Caesar Dressing,387,3.49
Indoor Grill,388,59.99
Electric Stool Heater,389,29.99
Electrolyte Water Bottle,390,34.99
Bock Beer Mustard,391,2.29
Frozen Chicken Nuggets,392,4.49
Self-Stirring Mug,393,19.99
USB Desk Fan,394,14.99
Cucumber Relish,395,3.39
Dog Frisbee Toy,396,10.99
Overnight Duffle Bag,397,34.99
Sliced Avocado,398,2.79
Silicone Stretch Lids,399,14.99
Noise Cancelling Ear Muffs,400,24.99
Habanero Hot Sauce,401,3.79
Garden Hose Reel,402,49.99
Free-Range Eggs,403,3.99
Buffalo Chicken Wraps,404,5.99
Dual Function Electric Skillet,405,59.99
Multi-Layer Food Steamer,406,39.99
Car Trash Can,407,12.99
Sun Protection Clothing,408,44.99
Portable SSD,409,129.99
Almond Flour Pizza Crust,410,7.99
Chickpea Flour,411,3.29
Kids' Outdoor Explorer Kit,412,24.99
Almond Flour Biscuits,413,6.49
Sliced Provolone Cheese,414,3.99
Spicy Avocado Salsa,415,4.49
Miso Soup Starter,416,2.99
Scented Soy Candles,417,19.99
Apple Cinnamon Oatmeal,418,2.89
Wireless Car Charger,419,24.99
Travel Jewelry Organizer,420,19.99
Linen Trousers,421,44.99
Peanut Butter Cookies,422,3.49
Protein Powder,423,44.99
Peach Fruit Cups,424,1.99
Spicy Avocado Salsa,425,4.49
Travel Eye Mask with Ear Plugs,426,15.99
Vegetable Medley,427,2.99
Portable Laptop Table,428,39.99
Air Fryer Oven,429,149.99
Basil Pesto Pasta,430,6.49
Safety Goggles,431,14.99
Artisan Bread Loaf,432,3.99
Carrot Sticks,433,2.49
Pasta Sauce Mix,434,1.29
Scented Candles,435,19.99
Outdoor Adventure Kit,436,89.99
Face Mask Set,437,19.99
Garlic Herb Marinade,438,3.29
Mini Air Purifier,439,49.99
Organic Green Lentils,440,3.99
Outdoor Inflatable Pool,441,149.99
Roasted Garlic,442,4.29
Garlic Butter Sauce,443,3.59
Spaghetti and Meatball Dinner Kit,444,7.99
Wireless Game Controller,445,39.99
Pet Leash,446,15.99
Bodyweight Resistance Bands,447,22.99
Herbal Tea Sampler Box,448,29.99
Fitness Tracker Watch,449,79.99
Salsa Verde,450,3.49
Raspberry Tart,451,5.49
Rice Noodles,452,3.49
Luxury Bath Salts,453,19.99
Vanilla Protein Powder,454,24.99
Legging Pants,455,34.99
Travel Organizer,456,22.99
Pet Hair Vacuum Cleaner Attachment,457,14.99
Adjustable Kneeling Pad,458,18.99
Mini Air Purifier,459,49.99
Microfiber Cleaning Cloths,460,9.99
Almond Flour Cookies,461,4.99
Peas (frozen),462,1.89
Cucumber,463,0.99
Creative Puzzle Game,464,19.99
Peanut Butter Cookies,465,3.49
Roasted Chickpeas,466,2.99
Beet Salad,467,3.99
Bluetooth Headphones,468,79.99
Classic Minestrone Soup,469,2.99
Chili Lime Shrimp,470,8.99
Set of Decorative Storage Bins,471,34.99
Herb Garden Planter Box,472,49.99
Smart Wi-Fi Camera,473,89.99
Almond Flour Pizza Crust,474,7.99
Almond Flour Pizza Crust,475,7.99
Rustic Italian Bread,476,3.59
Mango Salsa,477,3.49
Buffalo Chicken Wraps,478,5.99
Adjustable Resistance Bands,479,39.99
Thermostatic Shower Valve Kit,480,39.99
Solar Charger,481,39.99
Adjustable Bar Stools,482,149.99
Frozen Fruit Medley,483,5.99
Multi-Port USB Hub,484,19.99
Rain Jacket,485,64.99
Buffalo Style Cauliflower Bites,486,5.49
Fried Rice,487,4.29
Garlic Parmesan Wings,488,8.99
Sour Cream,489,3.49
Children's Musical Instrument Set,490,39.99
Chocolate Mint Thins,491,2.99
Peach Mango Smoothie Mix,492,5.99
Multi-Purpose Plant Care Tool,493,24.99
Whole Wheat Pita Bread,494,2.79
Spicy Thai Coconut Soup,495,3.99
Pet Grooming Brush,496,19.99
Camping Chair with Cooler,497,49.99
Spicy Tuna Salad,498,4.49
Pet Travel Carrier,499,39.99
Winter Knit Beanie,500,14.99
Classic Caesar Salad Kit,501,4.99
Carrot Sticks,502,2.49
Collapsible Pet Dog Bowl,503,9.99
Magnetic Screen Door,504,24.99
Frozen Chicken Nuggets,505,4.49
Outdoor Camping Hammock,506,29.99
Garden Kneeler and Seat,507,39.99
Rechargeable Hand Warmer,508,22.99
Personal Safety Alarm,509,12.99
Pineapple Coconut Bars,510,3.79
Banana Nut Muffins,511,4.49
Chickpea Salad Deluxe,512,4.29
Ultraviolet Phone Sanitizer,513,39.99
Walnut Halves,514,8.49
Eco-Friendly Notepad,515,8.99
Chocolate Mint Protein Shake,516,3.99
Handcrafted Wooden Jewelry Box,517,39.99
Stainless Steel Water Bottle,518,25.99
Salt and Pepper Grinder Set,519,19.99
Adjustable Dumbbells,520,249.99
Dried Mango Slices,521,3.49
Popcorn Chicken,522,6.49
Rustic Italian Breads,523,3.99
Portable Air Compressor,524,44.99
Winter Knit Beanie,525,14.99
Rice Cakes,526,2.29
High-Quality Yoga Block,527,12.99
Multi-Purpose Scissors,528,8.99
Organic Cucumber,529,1.29
Camping Tarp,530,32.99
Marinated Artichokes,531,3.79
Shatterproof Wine Glasses,532,24.99
Sesame Ginger Dressing,533,4.09
Peach Salsa,534,3.29
Savory Mushroom Risotto,535,6.49
Portable USB-C Monitor,536,199.99
Puzzle,537,27.99
Savory Italian Herbs,538,2.99
Classic Caesar Salad Kit,539,4.99
Athletic Jogging Jacket,540,49.99
Multi-Function Meat Tenderizer,541,19.99
Lightweight Travel Backpack,542,39.99
Electric Milk Frother,543,19.99
Multicolored LED Strip Lights,544,29.99
Hiking Water Bottle with Filter,545,29.99
Rainbow Veggie Chips,546,3.29
Digital Thermostat,547,59.99
Vegetable Potstickers,548,5.99
Honey Butter Popcorn,549,2.99
Pasta Maker,550,39
Electric Can Opener,551,29.99
Bamboo Cutting Board,552,22
Wildflower Honey,553,4.99
LED Desk Lamp with USB Charging,554,39.99
Chicken Sausage,555,6.99
Lightweight Rain Jacket,556,79.99
Puzzle Mat,557,22.99
Cajun Seasoning,558,1.99
Savory Snack Mix,559,4.49
LED Makeup Mirror,560,39.99
Nature Explorer Lens Kit,561,19.99
Ultra-Thin Laptop Sleeve,562,19.99
Sea Salt Caramel Popcorn,563,3.99
Black Bean & Corn Salad,564,3.99
Surimi Crab Sticks,565,4.19
Artisan Bread Loaf,566,3.99
Chic Jumpsuit,567,89.99
Maple Bacon Jerky,568,6.99
Sweet and Spicy Barbecue Sauce,569,3.99
Chili Lime Shrimp,570,8.99
Dill Pickle Chips,571,2.29
Personalized Keychain,572,10.99
Cinnamon Raisin Bread,573,3.79
Dark Chocolate Almond Butter Cups,574,4.99
Pumpkin Pie Spice,575,2.99
Sunglasses,576,29.99
Lentil Pasta,577,4.99
Ginger Snaps,578,2.79
Ceramic Planter Set,579,39.99
Peach Fruit Cups,580,1.99
Stainless Steel Straws,581,12.99
Spicy Garlic Edamame,582,3.99
Cilantro Lime Rice,583,2.99
Adjustable Pet Feeder,584,39.99
Fruit and Nut Bars,585,1.99
Stylish Wireless Earbuds,586,59.99
Adjustable Pet Feeder,587,39.99
Jump Rope with Counter,588,12.99
DIY Lip Balm Kit,589,22.99
High-Speed HDMI Cable,590,12.99
Fitness Resistance Bands Set,591,34.99
Home Brewing Starter Kit,592,79.99
Sports Water Bottle with Infuser,593,19.99
Bluetooth Car Adapter,594,24.99
Pet Carrier Backpack,595,39.99
Kids' Gardening Tools Set,596,22.99
Marinated Artichokes,597,3.79
Microfiber Cleaning Cloth Set,598,9.99
Lentil Vegetable Stew,599,4.49
Sour Cream,600,3.49
Pet Leash,601,15.99
LED Camping Lantern with USB Charging,602,34.99
Savory Quinoa Pudding,603,2.99
Pleated Midi Dress,604,79.99
Adjustable Dog Harness,605,24.99
Organic Tomato Soup,606,3.79
Face Mask Set,607,19.99
Laptop Stand,608,29.99
Brown Rice,609,1.79
Fall-Themed Table Runner,610,19.99
Car Seat Organizer,611,14.99
Portable Laptop Table,612,39.99
Baby Safety Corner Guards,613,9.99
Ultraviolet Phone Sanitizer,614,39.99
Apple Sauce,615,2.19
Mediterranean Couscous Salad,616,5.49
Handcrafted Wooden Coasters,617,19.99
Classic Caesar Salad Kit,618,4.99
Asian Noodle Salad Kit,619,4.99
Noise Cancelling Ear Muffs,620,24.99
Turmeric Ginger Tea,621,3.29
Digital Alarm Clock,622,19.99
Almond Butter Crunch Bar,623,1.99
Balsamic Salad Dressing,624,2.99
Casual Sneakers,625,39.99
Tennis Racket,626,89.99
Pet Safety Belt for Car,627,14.99
Mediterranean Olives,628,6.49
Veggie Lovers Pizza,629,8.99
Scented Candles,630,19.99
Chic Ankle Strap Heels,631,69.99
Organic Tomato Ketchup,632,3.49
Baked Mac and Cheese,633,5.99
Teriyaki Chicken Skewers,634,8.99
Adjustable Bar Stools,635,149.99
Organic Green Apples,636,1.49
Sliced Olives,637,1.99
Beach Cover-Up,638,29.99
Spiced Pumpkin Soup,639,3.99
Almond Butter Crunch Bar,640,1.99
Coffee Capsule Dispenser,641,24.99
Zucchini,642,0.79
Gluten-Free Brownies,643,4.99
Italian Meatballs,644,8.49
Sweet and Spicy Barbecue Sauce,645,3.99
Reclining Camping Chair,646,49.99
Ceramic Cookware Set,647,179.99
Magnetic Phone Case,648,19.99
Peanut Butter Chocolate Clusters,649,2.99
Garlic Herb Cream Cheese,650,2.99
Pepperoni Pizza Rolls,651,6.99
Compact Digital Camera,652,249.99
Lemon Herb Grilled Chicken,653,9.99
Coffee Making Kit,654,44.99
Ready-to-Eat Chili,655,2.99
Greek Feta Cheese,656,4.99
Heavy Duty Gardening Tool Set,657,49.99
Chocolate Dipped Fruit,658,5.99
Elegant Lace Dress,659,79.99
Non-Stick Grill Pan,660,39.99
Comfort Flats,661,44.99
Tea Infuser Bottle,662,19.99
Vegetable Chips,663,3.99
Chocolate Coconut Protein Balls,664,2.99
Digital Food Scale,665,22.99
Mashed Sweet Potatoes,666,3.99
Active Racerback Tank,667,24.99
Apricot Jam,668,4.29
Yoga Strap,669,12.99
Herbal Garden Starter Kit,670,24.99
Digital Alarm Clock,671,19.99
Italian Breadsticks,672,2.49
Pineapple Teriyaki Chicken Mix,673,6.99
Frozen Hash Browns,674,2.99
Phone Case,675,14.99
Animal Paw Print Soap Dispenser,676,16.99
Smartphone Tripod with Bluetooth Remote,677,29.99
Whipped Cream Cheese,678,2.99
Sliced Strawberries,679,4.99
Chicken Parmesan Dinner Kit,680,14.99
Hummus,681,4.29
Truffle Parmesan Fries,682,4.99
Pineapple Coconut Bars,683,3.79
Stylish Wireless Earbuds,684,59.99
Emergency Preparedness Kit,685,99.99
Chocolate Peanut Butter Cups,686,2.29
Pineapple Rings,687,2.49
Adjustable Resistance Bands,688,39.99
Gingerbread House Kit,689,6.99
Organic Whole Wheat Flour,690,2.99
Honey Sriracha Chicken Bites,691,7.99
Organic Brown Sugar,692,2.49
Glass Tea Pot,693,34.99
Noise Reduction Headphones,694,39.99
Safety Pin Dispenser,695,5.99
Whole Roasted Chicken,696,9.99
Folding Exercise Bike,697,199.99
LED Table Lamp,698,29.99
Craft Beer Mustard,699,3.99
Crispy Rice Treats,700,3.5
Wireless Charging Pad,701,19.99
Multi-Tool,702,39.99
Kids' Building Blocks,703,19.99
Garlic Naan Bread,704,3.99
Coconut Rice,705,2.29
Air Mattress,706,49.99
Bodyweight Resistance Bands,707,22.99
Stuffed Grape Leaves,708,5.79
Oven-Baked Parmesan Zucchini,709,4.99
Organic Blueberries,710,5.49
Fashionable Belt Bag,711,34.99
Basmati Rice,712,5.79
LED Strip Lights Kit,713,29.99
Beef Sirloin Steak,714,15.99
Interactive Plush Toy,715,34.99
Electric Kettle with Temperature Control,716,49.99
Pet Grooming Kit,717,39.99
Camping Chair with Cooler,718,49.99
Smartphone Camera Lens Kit,719,19.99
Maxi Wrap Dress,720,49.99
Classic Vanilla Fudge,721,4.49
Vegan Cheese,722,4.99
Herb Seasoned Rice,723,2.99
Cranberry Juice,724,3.69
Pet Carrier Backpack,725,39.99
Digital Food Thermometer,726,19.99
Window Blinds,727,59.99
Curried Lentil Salad,728,4.29
Wireless Printer,729,99.99
Organic Black Beans,730,1.29
Spinach and Feta Wraps,731,4.99
Cotton Tote Bag Set,732,29.99
Teriyaki Salmon Fillets,733,9.99
Cranberry Almond Biscotti,734,4.19
Cinnamon Sugar Donuts,735,4.99
Roasted Garlic Aioli,736,3.79
Frozen Mixed Berries,737,5.99
Chunky Knit Sweater,738,59.99
Children's Science Experiment Lab Kit,739,29.99
Dark Chocolate Tart,740,6.29
Almond Joy Protein Bars,741,1.99
Baked Mac and Cheese,742,5.99
Weighted Blanket for Adults,743,59.99
Smoked Salmon,744,14.99
Dog Walking Waist Pack,745,19.99
Desk Organizer Set,746,29.99
Pear and Gorgonzola Salad,747,5.49
Rolling Cooler,748,59.99
Smart Thermos,749,39.99
Italian Herb Balsamic Marinade,750,3.99
Bamboo Utensil Set,751,14.99
Rustic Italian Breads,752,3.99
Honey BBQ Ribs,753,12.99
Pineapple Coconut Rice Mix,754,3.99
Honey BBQ Riblets,755,12.99
Premium Flashlight,756,19.99
Pet Hair Removal Brush,757,14.99
Fitbit Activity Tracker,758,99.99
Silicone Baking Mat,759,15.99
Air Purifier,760,129.99
Vegetable Curry,761,5.99
Electric Bike,762,899.99
Pumpkin Spice Cookies,763,3.29
Eco-Friendly Beeswax Wraps,764,14.99
Noise Reduction Headphones,765,39.99
Bamboo Cutting Board Set,766,34.99
Bamboo Charcoal Air Purifier Bags,767,12.99
Heated Throw Blanket,768,49.99
Quinoa and Kale Salad Kit,769,5.29
Coconut Bowls Set,770,22.99
Scent Diffuser Oil,771,14.99
Artisan Flatbreads,772,2.99
Maple Syrup,773,6.99
Digital Kitchen Timer,774,14.99
Athletic Jogging Jacket,775,49.99
Magnetic Whiteboard,776,34.99
Feta Cheese,777,4.99
Self-Stirring Mug,778,19.99
Organic Coconut Yogurt,779,4.49
Coconut Curry Lentil Soup,780,3.99
Vegan Taco Seasoning,781,2.49
Beef Sirloin Steak,782,15.99
Self-Stirring Mug,783,19.99
Garden Tool Belt,784,22.99
Pecan Pie Filling,785,3.99
Elegant Lace Dress,786,79.99
Vegetable Spring Rolls,787,6.49
LED Disco Ball Light,788,19.99
Garden Tool Set with Carrying Bag,789,39.99
Pepperoni Pizza Roll-Ups,790,5.99
Portable Air Purifier,791,69.99
Pet Water Fountain,792,39.99
Couscous,793,2.49
Spicy Hummus,794,3.49
Interactive Robot Toy,795,34.99
Lentil Soup,796,2.49
LED Flashlight,797,19.99
Shoe Organizer,798,39.99
Set of Measuring Spoons,799,12.99
Almond Flour Biscuits,800,6.49
LED Desk Lamp,801,35
Window Bird Feeder,802,19.99
Bluetooth Tracker,803,19.99
Handheld Vacuum,804,79.99
Electric Milk Frother,805,19.99
Smart Thermos,806,39.99
Fitness Resistance Bands Kit,807,29.99
Gingerbread House Kit,808,6.99
Marinara Sauce,809,3.49
Camping Tent,810,79.99
Berry Smoothie Mix,811,4.99
Cold Brew Coffee Concentrate,812,7.99
Tailored Blazer,813,99.99
Tea Set with Infuser,814,34.99
Smart Plant Monitor,815,24.99
Miso Soup Mix,816,3.29
Patterned Knit Scarf,817,25.99
Almond Flour,818,5.99
Sliced Bread,819,2.99
Wrap Front Midi Skirt,820,44.99
Picnic Blanket,821,29.99
Thai Red Curry Paste,822,3.99
Handheld Vacuum,823,79.99
Vegetarian Stuffed Peppers,824,4.99
Face Mask Set,825,19.99
Hummus Trio Pack,826,5.49
Cucumber,827,0.99
Pumpkin Waffles,828,4.49
Self-Adhesive Wallpaper,829,34.99
Portable USB-C Monitor,830,199.99
Potting Soil,831,15.99
Whole Wheat Pita Bread,832,2.79
Rain Jacket,833,64.99
Savory Italian Herbs,834,2.99
Pet Bed with Removable Cover,835,49.99
Lightweight Travel Backpack,836,39.99
V-Neck Sweater,837,49.99
Collapsible Water Bottle,838,12.99
Children's Musical Instrument Set,839,39.99
Sustainable Wooden Toys,840,29.99
Crispy Chickpeas,841,2.99
Set of Decorative Storage Bins,842,34.99
Silicone Baking Cups,843,10.99
Yoga Mat Carrier,844,12.99
Maple Almond Butter,845,5.49
Laptop Backpack,846,69.99
Slingback Sandals,847,29.99
Tailored Blazer,848,99.99
Personal Blender with Cups,849,34.99
Honey Graham Crackers,850,3.29
Electric Ice Cream Maker,851,59.99
Portable Solar Generator,852,399.99
Sesame Oil,853,3.99
Spinach Feta Wraps,854,4.29
Almond Joy Snack Bars,855,2.99
Crew Neck Sweater,856,39.99
Mechanical Keyboard,857,99.99
Portable Hammock,858,27.99
Pasta Maker Machine,859,59.99
Dill Pickle Chips,860,2.29
Set of Decorative Storage Bins,861,34.99
Hiking Gaiters,862,29.99
Pear and Gorgonzola Salad,863,5.49
Whole Roasted Chicken,864,9.99
Rechargeable Hand Warmer,865,22.99
Dog Training Clicker,866,5.99
Sporty Leggings,867,39.99
Fall-Themed Table Runner,868,19.99
Indoor Grill,869,59.99
Reversible Swimming Pool Lounger,870,34.99
Mini Indoor Herb Garden Kit,871,24.99
Herbal Garden Starter Kit,872,24.99
Travel Mug,873,18.99
Gluten-Free Bread,874,5.49
Buffalo Stilton Cheese,875,8.99
Travel Yoga Mat,876,34.99
Indestructible Dog Toy,877,15.99
Silicone Baking Mat,878,15.99
Electric Hot Pot,879,49.99
Mechanical Pencil Set,880,19.99
Athletic Jogging Jacket,881,49.99
Honey Garlic Shrimp,882,8.49
Chili Lime Seasoning,883,2.99
Protein Bar Variety Pack,884,12.99
Caramelized Onion Dip,885,3.99
Jalapeño Cornbread,886,3.29
Pet Grooming Gloves,887,9.99
Fitness Smartwatch,888,99.99
Cinnamon Sugar Mix,889,1.49
Oversized Denim Shirt,890,49.99
Chili Con Carne Mix,891,2.99
Vintage Button-Down Shirt,892,45.99
Bamboo Cutting Board Set,893,34.99
Vegetable Stock,894,2.49
Spicy Thai Coconut Soup,895,3.99
Whisk Set,896,12.99
Avocado Oil,897,8.49
Action Camera,898,199.99
Indoor Grill,899,59.99
Coconut Oil,900,6.49
Frozen Chicken Nuggets,901,4.49
Granola Cereal,902,4.49
Nutritional Yeast,903,3.59
Cheesy Broccoli Soup Mix,904,2.99
Toilet Paper (12 rolls),905,8.99
Spicy Thai Chili Sauce,906,3.29
Wireless Printer,907,99.99
Portable Electric Fan,908,24.99
Red Lentils,909,1.99
LED Desk Lamp with USB Charging,910,39.99
Compact Hair Dryer,911,29.99
Dried Fruit Medley,912,5.49
Pumpkin Spice Pancake Mix,913,3.49
Wooden Children's Play Kitchen,914,129.99
Basil-infused Olive Oil,915,6.99
Feta Cheese,916,4.99
Buffalo Sauce,917,2.99
Coconut Water,918,2.49
Spicy Thai Noodles,919,1.99
Nut Mix,920,5.99
Kids' Craft Supplies Set,921,24.99
LED Strip Lights with Remote Control,922,29.99
Wine Decanter,923,34.99
Faux Fur Throw Blanket,924,39.99
Multi-Purpose Scissors,925,8.99
Cookbook,926,27.99
Chic Ankle Strap Heels,927,69.99
Classic Pesto Sauce,928,4.29
Tuna Fish (canned),929,2.29
Travel Mug with Leak-Proof Lid,930,24.99
Fitness Tracker with Heart Rate Monitor,931,59.99
Floral Summer Dress,932,39.99
Apple Cinnamon Oatmeal,933,2.89
Dark Chocolate Almond Butter Cups,934,4.99
Wireless Game Controller,935,39.99
Coconut Almond Granola,936,4.99
Fitness Jump Rope with LCD Counter,937,15.99
Spinach Artichoke Dip,938,4.99
Bluetooth Shower Speaker,939,24.99
Crafting Kit,940,29.99
Chicken Breasts,941,9.99
Stick Vacuums Cleaner,942,129.99
Air Mattress,943,49.99
Oven Mitts with Pocket,944,19.99
Protein Powder,945,44.99
Lightweight Travel Backpack,946,39.99
Portable Solar Phone Charger,947,29.99
Mashed Sweet Potatoes,948,3.99
Sweet Potatoes (organic),949,1.99
Pistachio Ice Cream,950,4.99
Silicone Baking Molds,951,15.99
Puzzle Game Set,952,34.99
Strawberry Banana Smoothie Pack,953,4.99
USB-C Hub,954,39.99
Interactive Plush Toy,955,34.99
Smartphone Holder for Car,956,14.99
Mini Indoor Herb Garden Kit,957,24.99
Peas (frozen),958,1.89
LED Strip Lights with Remote Control,959,29.99
Dark Chocolate Bars,960,2.99
Caramel Apple Taffy,961,1.99
Barbecue Chicken Pizza,962,8.99
Sweet and Sour Sauce,963,2.79
Desk Organizer Set,964,29.99
Solar Power Bank,965,39.99
Warm Knit Beanie,966,19.99
Cheddar Cheese Crackers,967,2.29
Savory Italian Herbs,968,2.99
Frozen Hash Browns,969,2.99
Measuring Cups Set,970,19.99
Strawberry Rhubarb Jam,971,4.29
Chickpea Pasta,972,4.19
Wireless Security System,973,299.99
Magnetic Chess Set,974,19.99
Smartphone Car Mount with Wireless Charging,975,39.99
Diced Tomatoes (canned),976,1.49
Organic Black Beans,977,1.29
Chocolate Protein Powder,978,24.99
Protein Powder,979,44.99
Almond Joy Snack Bars,980,2.99
Wall Planner,981,19.99
Honey Wheat Pretzels,982,3.49
Electric Food Steamer,983,59.99
Frozen Acai Bowl,984,6.49
Decorative Throw Blanket,985,39.99
Mechanical Pencil Set,986,19.99
Adjustable Pet Feeder,987,39.99
Peanut Butter Chocolate Chip Bars,988,4.59
Tactical Backpack,989,59.99
Chocolate Raspberry Tart,990,9.99
Smart Wi-Fi Camera,991,89.99
Organic Chia Seeds,992,7.99
Coconut Cream Pie Mix,993,4.99
Men's Waterproof Hiking Boots,994,89.99
Cotton Tote Bag Set,995,29.99
Tabletop Fire Pit,996,79.99
Mango Chutney,997,3.99
Apple Cinnamon Oatmeal,998,2.89
Beet Salad,999,3.99
Cranberry Almond Granola,1000,4.29
