name,price,category
Personalized Cutting Board,48.01,20
Wireless Wi-Fi Extender,333.77,21
Weighted Jump Rope,190.34,27
Camping Tent,261.53,19
Marinated Artichokes,228.8,15
A-Line Skirt,6.43,25
Action Camera,229.27,18
Beef Tacos,280.08,7
Puzzle Mat,259.8,15
Hand Mixer,97.1,27
Kids' Activity Book,78.69,1
Cheesy Broccoli Soup Mix,172.46,16
Electrolyte Water Bottle,23.61,25
Lightweight Travel Backpack,134.09,24
Tactical Backpack,174.53,4
Multifunctional Baby Bottle Warmer,186.16,11
Avocados,378.49,10
Gardening Tool Belt,129.02,13
Infrared Thermometer,119.8,10
Vegan Mac & Cheese,243.2,15
Organic Tomato Ketchup,351.1,11
Vegan Protein Powder,298.03,1
Vegan Chickpea Salad,21.17,1
Carrot Ginger Soup,337.04,4
Portable Charger with Solar Panel,149.6,14
Wooden Puzzle Game,133.83,9
Handheld Shower Head,101.84,23
Smart Thermostat,150.66,20
Creamy Tomato Basil Soup,355.69,20
Zesty Garlic Hummus,163.81,2
Honey Garlic Chicken,43.77,10
Chia Seed Pudding,107.47,9
Pet Carrier Backpack,200.99,27
Tattoo Kit,96.1,26
Chicken Breasts,272.78,11
Portable Campfire,72.24,10
Laptop Sleeve,84.54,21
Whole Grain Mustard,200.7,26
Kitchen Knife Sharpening System,102.04,22
Lasagna Noodles,260.64,19
Organic Vanilla Bean Ice Cream,59.03,13
Lemonade Mix,192.82,13
Chili Con Carne Mix,19.86,26
Dark Chocolate Almond Butter Cups,109.93,2
Streaming Device,25.08,15
Coconut Chips,137.49,13
Rechargeable Laptop Battery Pack,290.97,26
Italian Sausage and Peppers,190.42,14
Chickpea Pasta,282.43,10
Apple Juice,225.73,25
Instant Read Meat Thermometer,240.76,10
Fresh Basil,389.93,10
Wireless Charging Pad,63.24,17
Vegetable Pizza Rolls,361.58,7
Smartphone Hand Grip,229.07,18
Pear and Gorgonzola Salad,220.43,7
Thai Green Curry Paste,130.17,5
Hibiscus Tea Bags,399.68,21
Californian Raisins,229.05,11
Pizza Stone,91.78,11
Vanilla Pudding Mix,30.11,19
Electric Screwdriver,391.57,8
Pumpkin Spice Granola,239.34,4
Garlic Breadsticks,303.51,3
Bicycle Repair Kit,15.73,9
Fitness Balance Ball,356.25,15
Pet Training Clicker,247.63,2
Cheesy Cauliflower Bake,314.01,15
Electric Toothbrush Holder,103.48,20
Portable Pet Water Bottle,121.65,18
Compact Dishwasher,264.67,4
Electric Air Pump,126.8,26
Puzzle Game Set,43.23,12
Cheddar Cheese Slices,162.45,14
Ice Pack,94.6,26
Ceramic Planter Set,65.41,20
Collapsible Folding Chair,264.88,26
Coconut Granola,75.39,9
Hair Dryer,269.08,15
Educational STEM Kit,97.93,4
Camping Lantern,339.89,7
Mushrooms,208.13,13
Compact Dishwasher,222.69,4
Weighted Blanket,260.45,2
Natural Soy Candles,321.7,11
Potting Soil,268.21,19
Chocolate Chip Cookie Dough,178.71,23
Pet Grooming Scissors,63.13,4
Video Camera,16.09,1
Decorative Throw Pillows,231.46,10
Organic Blueberries,291.02,19
Wall-Mounted Spice Rack,179.05,25
Crispy Kale Chips,88.59,3
Organic Blueberries,116.36,13
Pumpkin Spice Cookies,176.3,25
Mediterranean Chickpea Bowl,158.61,1
Ice Cube Tray with Lid,364.13,10
Smoked Paprika,335.58,25
Puffer Winter Coat,266.26,14
Asian Noodle Salad Kit,58.45,23
Camping Tent,288.85,19
Breathable Face Mask Set,274.71,12
Ranch Dressing,95.15,24
Dog Waste Bag Dispenser,43.51,27
Foam Muscle Roller,214.06,16
Slim Fit Chinos,121.26,4
Black Bean Soup,319.41,24
Floral Summer Dress,71.17,14
Cheddar Cheese Slices,154.19,27
Herb Drying Rack,49.5,2
Cereal Dispenser with Portion Control,245.31,1
Protein Pancake Mix,78.39,22
Non-Stick Baking Sheets,359.77,3
Kettle Chip Variety Pack,80.87,18
Training Soccer Ball,390.52,26
Fleece Hoodie,178.56,10
Rechargeable Hand Warmer,175.04,2
Outdoor Adventure Backpack,310.2,8
Wireless Smart Plug,59.94,6
Outdoor Mosquito Repellent Lantern,29.21,3
Raisin Cinnamon Granola,49.59,15
Baby Safety Corner Guards,291.58,19
Blackberry Jam,62.54,21
Whisk Set,89.48,5
Classic Pumps,167.24,25
Wall-Mounted Wine Rack,187.65,23
Potato Wedge Seasoning,81.8,19
Beef Stroganoff Mix,175.53,7
Coconut Chia Seed Pudding,198.26,16
Organic Tomato Ketchup,11.87,27
Almond Flour Pancake Mix,85.03,26
Garlic and Herb Rub,54.14,2
Measuring Cups Set,39.26,20
Almond Coconut Granola,236.1,9
Winter Knit Beanie,397.57,1
Fitness Jump Box,188.64,19
Portable Folding Picnic Table,283.8,7
Spicy Roasted Nuts,48.24,14
Vegan Tacos,258.91,19
Folding Pocket Knife,337.98,23
Kale & Quinoa Salad Mix,47.86,7
Cranberry Juice,123.32,8
Salsa,386.31,20
Children's Gardening Set,226.03,7
Sunglasses Case,241.79,11
Cotton Tote Bag Set,163.1,1
Luxury Rolling Makeup Case,379.83,27
Woven Storage Baskets,266.18,13
Basil-infused Olive Oil,246.15,21
Over-the-Door Hooks,336.53,14
Bicycle Repair Kit,52.91,1
Dog Training Collar,30.16,25
Scented Soy Candles,314.75,2
Stainless Steel Straws,333.53,22
Fitness Resistance Bands Kit,325.69,14
Organic Italian Seasoning,299.25,13
Cinnamon Sugar Popcorn,380.45,22
Multi-Purpose Plant Care Tool,5.52,16
Portable Camping Shower,107.2,13
Electric Toothbrush,387.53,25
Adjustable Window Blind,375.05,27
Reversible Swimming Pool Lounger,335.53,23
Pomegranate Juice,271.39,9
Mediterranean Chickpea Bowl,243.45,22
Lemon Garlic Shrimp,48.73,25
Laptop Sleeve,81.52,13
Maple Pecan Granola,20.1,19
Pasta Maker,234.07,8
Beach Cover-Up,237.02,17
Vegan Mayonnaise,235.26,5
Electric Wine Opener,198.29,17
Car Trash Can,34.66,5
Vegan Chickpea Salad,54.93,21
Ski Goggles,83.07,24
Buffalo Sauce,344.03,24
Stainless Steel Water Pitcher,278.38,27
LED Makeup Mirror,111.53,8
Cauliflower Crust Pizza,263.67,24
Cabbage,253.32,1
Portable Camping Shower,336.56,22
Whole Grain Hamburger Buns,106.23,11
Heart-Shaped Baking Molds,114.28,2
Sculpting Kit,182.61,23
LED Camping Lantern with USB Charging,243.44,9
Buffalo Wing Sauce,205.18,20
Smart Wi-Fi Light Bulbs,100.82,19
Basil Tomato Soup,196.4,17
Carrot and Celery Sticks,184.23,24
Maple Oatmeal,137.38,17
Sliced Cheese,92.47,7
Hiking Water Bottle with Filter,172.39,5
Bluetooth Sleep Headphones,187.55,26
Kids' Dinosaur-Themed Lunchbox,1.89,10
Scented Soy Candles,25.34,23
Taro Chips,314.41,12
Coffee Grinder,32.54,26
Mango Salsa,310.64,25
Pizza Stone,138.42,2
Pet Safety Harness,176.47,13
Veggie Burger Patties,264.28,14
Classic Beef Chili,256.51,17
Pet Hair Remover,1.07,14
Luxury Memory Foam Mattress Topper,250.08,23
Almond Flour Pancake Mix,322.5,9
Indestructible Dog Toy,83.09,18
Yoga Mat Carrier,208.05,26
Creamy Avocado Dip,161.83,18
Zesty Cilantro Lime Dressing,382.98,13
Organic Coconut Flakes,196.99,4
Beef Sirloin Steak,134.51,11
Garden Hose,79.06,13
Electric Toothbrush,107.52,12
Motion Sensor Light,168.26,27
Chili Beans in Sauce,263.39,18
Safety Pin Dispenser,321.78,13
Sporty Slide Sandals,80.41,25
Collapsible Storage Crates,165.69,18
Pecan Nuts,15.63,19
Cinnamon Raisin Bagels,277.5,13
Bamboo Cutting Board Set,114.34,24
Satin Slip Dress,38.48,23
Salsa,204.1,10
Portable Solar Path Lights,232.21,12
Quinoa,49.7,13
Jigsaw Puzzle,149.02,14
Cajun Seasoning,142.99,4
Baked Mac and Cheese,302.86,23
Coconut Cream Pie Mix,191.83,24
Herbed Chicken Breast,61.2,25
Organic Coconut Flakes,381.8,27
Hot Dog Buns,157.04,19
Smartphone Hand Grip,32.26,13
Vegetable Spiralizer,335.63,19
Pepperoni Pizza Rolls,384.24,2
Mashed Sweet Potatoes,137.56,4
Chocolate Chip Cookie Dough,287.93,25
Bamboo Bathtub Caddy,345.16,23
Set of Gardening Gloves with Claws,151.12,12
Fruit & Nut Trail Mix,273.53,8
Self-Stirring Mug,369.15,23
Chicken Broth,331.57,23
Couscous Mix,14.85,6
Mango Sticky Rice Dessert,62.79,22
Organic Coconut Flour,48.2,6
Pest Control Traps,179.54,18
Pet Hair Vacuum Attachment,256.05,17
Maple Cinnamon Almonds,341.75,11
Watercolor Paint Set,243.33,13
Mini Food Processor,48.35,6
Cinnamon Apple Sauce,131.58,23
Honey Almond Granola Bars,378.28,18
Adjustable Laptop Stand,59.1,5
Sports Water Bottle with Infuser,38.66,18
Spicy Avocado Salsa,55.42,24
Handcrafted Wooden Coasters,331.42,22
Wireless Music Receiver,173.61,1
Graphic Sweatshirt,374.35,23
Savory Mushroom Risotto,309.32,2
Sweet and Spicy Barbecue Sauce,328.15,11
Portable Jump Starter,209.65,14
Wall Planner,258.27,14
Beet Salad,352.08,19
Digital Kitchen Timer,302.77,25
Fitness Tracker with Heart Rate Monitor,22.14,5
Adjustable Window Blind,43.19,4
High-Speed Hand Blender,123.84,3
Buffalo Chicken Dip,121.48,11
Sliced Cheese,229.37,12
Buffalo Cauliflower Bites,73.01,8
Kale and Quinoa Salad,309.74,21
Crispy Onion Rings,221.31,15
Kids' Gardening Tools Set,346.0,22
Magnetic Phone Case,17.17,2
Motorcycle Phone Mount,357.33,19
Pistachio Ice Cream,87.24,4
Savory Oatmeal,13.42,19
Air Purifier,369.96,3
Electric Stir Fry Pan,301.69,26
Induction Cooktop,53.33,15
Fire Roasted Salsa,120.27,7
Smoky BBQ Jackfruit,21.15,12
Organic Coconut Sugar,173.77,19
Mediterranean Chickpea Salad,106.25,22
Computer Monitor Stand,61.28,22
Apple Pie Filling,195.18,4
Oven-Baked Sweet Potato Fries,11.02,23
Cork Yoga Mat,334.8,10
Savory Snack Mix,321.06,21
Gardening Fairy Figurines,77.59,12
Fishing Tackle Box,366.6,16
Drone,205.92,4
Electric Heat Pad,100.74,14
Zucchini Noodles,365.51,17
Sliced Cucumbers,107.73,17
Garlic and Herb Cream Cheese,45.45,23
Miso Soup Starter,276.04,11
Electric Food Slicer,327.04,18
Coconut Milk Yogurt,359.76,9
LED Strip Lights,181.19,6
Almond Butter Granola Bars,93.97,9
Wild Rice Pilaf,346.19,3
Mechanical Keyboard,44.47,5
Halloween Decoration Set,243.8,12
Wrist Support Brace,34.4,27
Sweet Potatoes,335.14,17
Electric Egg Cooker,240.64,21
Buttermilk Pancakes,392.49,27
Kids' Learning Tablet,363.59,14
Gluten-Free Bread,235.2,3
Chocolate Hazelnut Granola,349.53,26
Fresh Basil,399.5,5
Garlic Parmesan Roasted Potatoes,94.27,21
Compact Hair Dryer,60.7,24
Gardening Gloves,73.59,26
Water Bottle with Built-in Fruit Infuser,286.05,25
LED Table Lamp,125.04,6
Mobile Workbench,148.28,20
Mini Indoor Herb Garden Kit,185.57,1
Chickpea Pasta,32.74,19
Silicone Baking Mat Set,38.49,27
Customizable Name Puzzle,280.95,24
Fruit Infuser Water Bottle,191.49,23
Blender Bottle,53.76,5
Chic Jumpsuit,38.71,24
Portable Hammock with Stand,263.96,21
Zucchini,221.18,16
Pork Tenderloin,44.85,22
Portable Hand Warmer,41.61,2
Insulated Coffee Mug,310.49,25
Pet Bed,135.42,14
Sweet BBQ Dipping Sauce,108.24,18
Kombucha Drink,302.06,25
Ice Cream,208.33,1
Sriracha Hot Chili Sauce,375.49,22
Oven-Baked Cheese Crisps,208.14,5
Children's Educational Workbook,280.38,5
Green Smoothie Mix,371.97,25
Sushi Rice,160.39,17
Strawberry Banana Smoothie Pack,279.29,14
A-Line Skirt,203.36,20
Himalayan Salt Grinder,89.98,24
Roasted Red Pepper Dip,374.34,10
Smart Thermostat with Wi-Fi,310.63,9
Coconut Water,360.78,11
Peanut Butter Banana Smoothie,349.36,11
Canvas Tote Bag,236.9,23
Chocolate Fudge Brownie Mix,314.52,1
Basil-infused Olive Oil,4.87,12
Pumpkin Pancake Mix,49.06,22
Adjustable Pet Feeder,396.7,22
Organic Cereal Bars,68.43,16
Smashed Avocado with Lime,162.82,23
Pear and Gorgonzola Salad,116.01,16
Kitchen Scale,239.05,13
Mesh Laundry Bags Set,217.05,14
Terry Cloth Robe,290.41,26
Electric Screwdriver,355.63,15
Coconut Flakes,280.26,20
Honey Almond Granola Bars,309.11,11
Solar Power Bank,90.57,17
Noise Cancelling Ear Muffs,84.98,7
Telescope,344.43,3
Natural Peanut Butter,96.64,5
Set of Decorative Storage Bins,296.81,25
Wall Planner,152.12,1
Outdoor Portable Fire Pit,108.59,12
Multi-Function Meat Tenderizer,372.36,2
Travel Luggage Scale,209.05,20
Tennis Racket,316.93,19
Sweet and Spicy Barbecue Sauce,300.22,18
Wall-Mounted Bookshelf,106.9,18
Almond Crunch Granola Bars,188.55,20
Cinnamon Sugar Donuts,98.98,1
Travel Mug,20.96,27
Noise-Canceling Headphones,365.43,1
Chic Jumpsuit,118.88,18
Honey-Balsamic Vinaigrette,387.4,10
Wi-Fi Enabled Smart Light Switch,357.98,13
Personal Blender with Cups,244.75,2
Blueberry Chia Jam,157.99,23
Pineapple Teriyaki Chicken Mix,162.36,3
Electric Hot Pot,301.03,26
Vegan Cheese,340.89,22
Wi-Fi Enabled Smart Light Switch,229.86,16
Pressure Cooker,266.7,23
Banana Chips,190.83,14
Face Mask Set,41.82,14
Smartphone Projector Kit,147.23,25
Wall-Mounted Wine Rack,130.09,1
Ramen Noodles,291.69,6
Coffee Capsule Dispenser,48.85,1
Portable Bluetooth Speaker,226.15,11
Free-Range Eggs,99.22,11
Wall-Mounted Wine Rack,309.49,3
Magnetic Screen Door,293.8,13
Pumpkin Waffles,25.2,1
Rustic Italian Bread,330.22,13
Acoustic Guitar,127.79,4
Men's Waterproof Hiking Boots,102.0,22
Turkey Bacon,325.79,24
Almond Flour Pizza Crust,151.0,14
Mushroom Soup (canned),109.58,4
Ripped Boyfriend Jeans,83.31,7
Silicone Baking Cups,203.25,27
Low-Fat Cottage Cheese,346.64,7
Portable Folding Picnic Table,149.85,2
Solar String Lights,353.56,14
Kale Caesar Salad Kit,161.39,14
Frozen Acai Purée,242.03,21
Chocolate Coconut Protein Balls,205.53,14
Electric Pressure Cooker,104.0,24
Magnetic Puzzle Board,268.24,6
Multi-Functional Rice Cooker,341.3,11
Baking Soda,349.87,11
Portable USB-C Monitor,317.86,23
Chocolate Hazelnut Spread,331.24,1
Zesty Garlic Hummus,310.29,18
Kids' Learning Tablet,383.25,25
Lightweight Workout Tank,15.91,25
High-Low Hem Tee,46.42,26
Under Desk Footrest,301.87,17
Ankle Boots,380.39,21
Bluetooth Headphones,385.12,11
Cajun Seasoning,176.21,16
Fruit and Nut Energy Bites,214.97,17
Knitted Infinity Scarf,312.52,27
Trendy Bomber Jacket,76.75,8
Mini Pretzels,243.94,18
Customizable Photo Calendar,197.13,2
Basil Lemonade,272.65,13
Chia Seed Pudding Mix,174.4,7
Marinara Sauce,373.8,2
Lemon Pepper Seasoning,50.06,9
Camping Chair with Cooler,114.02,17
Turmeric Ginger Tea,61.51,4
Dried Cranberries,211.5,12
Chickpea Pancakes,195.97,8
Banana Chips,239.89,8
Honey Mustard Pretzel Bites,300.81,10
Sea Salt Caramel Brownie,377.28,14
Lockable Bicycle Chain,198.83,26
Pecan Nuts,107.18,8
Graphic Sweatshirt,263.55,12
Frozen Pizza,142.19,8
Buffalo Chicken Wraps,34.66,21
Apple Cinnamon Breakfast Muffins,276.55,10
Portable Refrigerator Freezer,133.87,26
Smart LED Desk Lamp,162.65,1
Window Bird Feeder with Suction Cups,294.63,14
Jigsaw Puzzle,132.17,2
Buffalo Stilton Cheese,119.1,23
Ready-to-Eat Chili,192.64,21
Ground Cinnamon,362.62,19
Noise-Canceling Headphones,317.07,7
Chino Shorts,15.59,21
Maple Cinnamon Almonds,217.42,12
Vegan Mayonnaise,282.69,24
Cordless Electric Screwdriver,201.08,27
Cream Cheese,371.83,14
Chipotle Seasoning Blend,331.35,12
Blackberry Compote,132.78,26
Spicy Tuna Rolls,177.9,19
Organic Tomato Ketchup,266.27,15
Travel Document Organizer,180.24,26
Mint Chocolate Chip Ice Cream,353.34,2
Luxury Bathrobe,394.34,21
Lemon Dill Salmon,101.27,6
Black Bean Soup,42.73,7
Herbal Garden Starter Kit,70.14,27
Insulated Coffee Mug,352.54,15
Ginger Turmeric Tea,296.98,27
Electric Heat Press Machine,233.97,25
Electric Razor,369.04,20
Non-Stick Grill Mat,397.11,8
Portable Massage Table,111.35,3
Stainless Steel Water Pitcher,373.78,17
Gingerbread House Kit,298.6,15
Organic Black Rice,388.25,12
Pet Carrier Backpack,144.68,19
Portable Hammock with Stand,175.66,24
Air Fryer,116.36,20
Savory Mushroom Risotto,25.09,18
Personalized Keychain,153.23,13
Satin Slip Dress,133.82,11
Pet Safety Harness,296.61,3
Baby Safety Corner Guards,13.12,18
Electric Rice Cooker with Steamer,369.15,15
Balsamic Fig Dressing,31.62,15
Electric Kettle with Temperature Control,92.55,21
Sunglasses Case,252.43,8
Peach Slices (canned),135.25,18
Herb Garlic Butter,234.81,20
Sesame Ginger Dressing,5.21,17
Graphic Hoodie,285.04,14
LED Christmas Tree Lights,105.92,23
Dog Collar,119.77,7
Car Diagnostic Scanner,276.98,27
Grilled Vegetable Medley,339.12,12
Dish Soap Dispenser,3.02,16
Indestructible Dog Toy,342.58,26
Robot Vacuum Cleaner,260.54,1
LED Disco Ball Light,321.74,16
Digital Wireless Meat Thermometer,55.41,5
Classic Cheesecake Mix,333.23,13
Self-Cleaning Water Bottle,225.66,23
Portable Projector,120.75,26
Electric Blanket,9.78,12
Portable Hammock with Stand,101.3,11
Lemon Herb Grilled Chicken,147.22,1
Ceramic Cookware Set,105.72,15
Outdoor Inflatable Pool,175.03,10
High-Pressure Handheld Shower Head,227.13,12
Electric Ice Cream Maker,388.31,13
Wine Decanter,383.85,5
Pet Water Bottle,225.16,25
Electric Can Opener,100.3,12
Smartwatch,293.13,23
Luxury Bath Robe,71.02,1
Dog Training Collar,255.87,11
LED Desk Light,80.15,7
Thai Peanut Dressing,240.59,14
Dried Mango Slices,190.48,4
Ice Pack,82.16,2
Coconut Granola,362.2,14
Personal Blender with Travel Cup,19.09,22
Dog Training Clicker,45.2,6
Sunglasses Case,98.01,12
Wild Rice & Quinoa Mix,46.5,15
Savory Rice Cakes,260.6,1
Craft Beer Mustard,191.23,6
Zesty Garlic Marinade,302.88,9
Beef Stew Meat,359.03,27
Pet Waterer with Filtration,107.96,26
Glass Tea Pot,228.5,1
Vegan Chocolate Cake Mix,53.18,17
Garden Tool Set with Carrying Bag,344.23,12
Savory Oatmeal,398.42,3
Tea Infuser,15.38,4
Handheld Vacuum,215.15,27
LED Desk Light,42.82,22
Maple Glazed Carrots,65.24,25
Pumpkin Ice Cream,333.8,3
Fresh Lemons,374.23,17
Rice Cakes,369.15,12
Travel Mug with Leak-Proof Lid,45.25,19
Backpacking Tent,223.65,2
Customizable Wall Calendar,379.6,14
Sweet BBQ Dipping Sauce,33.43,23
Waterproof Rain Boots,318.65,11
Electronic Drum Kit,122.81,18
Glass Food Containers,346.84,2
Fettuccine Alfredo Dinner Kit,244.08,11
Car Windshield Sun Shade,161.11,1
Cheddar Cheese Slices,25.09,15
Lightweight Backpacking Tent,378.58,14
Bamboo Cutting Board,106.44,14
Spinach and Ricotta Ravioli,139.75,21
Weighted Blanket for Adults,133.04,15
Plant Watering Spikes,1.25,24
Classic Baseball Cap,63.6,14
Faux Fur Throw Blanket,355.84,20
Pet First Aid Kit,197.59,17
Portable Bluetooth Keyboard,118.16,25
Kids Tablet,354.64,4
Cotton Sweatpants,269.37,2
Chocolate Chip Cliff Bars,329.09,1
Portable Projector,116.51,3
Spicy Thai Coconut Soup,243.4,10
Cauliflower Rice Stir-Fry,367.4,27
Asian Stir-Fry Kit,214.68,8
Smoked Paprika Chicken Thighs,189.6,25
Chocolate Chip Cookie Dough,43.46,25
Granola Bars,142.18,26
Bamboo Cutting Board Set,398.28,26
Buffalo Cauliflower Bites,149.57,11
Kettle BBQ Grill,207.43,10
Peanut Butter Banana Smoothie,366.44,23
Electric Griddle,89.66,15
Carrot Ginger Soup,258.07,8
Kids' Educational Tablet,184.88,18
Pita Bread,284.22,14
Tomato Basil Pasta Sauce,48.6,14
Compact Hair Dryer,37.8,19
Baking Soda,91.27,13
Electric Griddle,187.88,18
Raspberry Limeade,8.48,16
Ceramic Knife Set,28.24,21
Portable Charger with Solar Panel,227.5,24
Ice Cream Scoop,174.61,15
Kids' Activity Book,40.38,18
Smoked Salmon,243.57,13
Memory Foam Mattress Pad,328.42,25
Tandoori Chicken Marinade,230.27,1
Garden Tool Set,179.67,23
Infrared Space Heater,384.59,8
Hand Crank Blender,202.39,20
Chocolate Chip Energy Balls,160.7,1
Ceramic Bakeware Set,148.98,11
Wire Shelving Unit,222.54,3
Glass Water Bottle,342.73,6
Insulated Lunch Bag,382.16,22
Vegetable Sushi Rolls,210.62,7
Warm Knit Beanie,47.06,21
Herbal Tea Set,2.14,20
Kids' Art Easel,268.48,18
Digital Voice Recorder,76.74,10
Dish Soap Dispenser,387.19,3
Floral Summer Dress,226.54,21
Garlic Parmesan Wings,267.31,8
Computer Monitor Stand,61.07,18
LED Desk Lamp with USB Charging,23.18,9
Canned Coconut Milk,294.79,19
Noise Cancelling Ear Muffs,344.32,4
Spicy Roasted Nuts,367.63,21
Smart Plant Monitor,229.33,21
Gluten-Free Bread,190.04,13
Almond Flour Brownies,343.82,19
Pet Water Bottle,288.53,9
Gardening Fairy Figurines,49.48,9
Electric Kettle,387.68,21
Compact Pop-Up Tent,240.56,16
Sliced Strawberries,291.31,6
Watercolor Brush Pens,230.89,10
Scent Diffuser,354.85,18
Interactive Robot Toy,221.29,17
Compact Shoe Rack,383.49,16
Honeycrisp Apples,262.07,9
Kids' Gardening Tools Set,3.8,2
Car Sunshade,291.45,16
Chicken Salad Kit,37.53,21
Emergency Preparedness Kit,25.74,23
Electric Rice Cooker with Steamer,158.98,4
Watercolor Set,113.53,25
Garlic Herb Grilled Chicken,88.48,15
Handheld Garment Steamer,229.12,5
Pumpkin Spice Granola,255.92,9
Sliced Olives,372.58,22
Bamboo Utensil Set,93.95,9
Smoked Paprika Chicken Thighs,180.46,13
Pleated Midi Dress,226.07,6
Coffee Capsule Dispenser,281.14,3
Veggie Lovers Pizza,216.14,12
Organic Almond Flour,124.39,25
Board Game,314.38,14
Multicolored LED Strip Lights,135.08,16
Spiced Pumpkin Soup,27.55,7
Beef Sirloin Steak,97.86,2
Whipped Cream Cheese,349.76,8
Air Purifier,369.2,14
Key Finder,129.34,19
Inflatable Paddle Board,318.86,12
Noise-Canceling Earbuds,145.11,23
Knitted Infinity Scarf,29.82,5
Set of Herb Garden Markers,266.03,24
Magnetic Puzzle Board,387.8,21
Coconut Oil,149.9,17
Cucumber Relish,378.25,14
Pistachios,371.56,6
Wireless Earbuds Case,21.51,3
Peanut Butter Pretzel Nuggets,342.89,17
Pressure Washer Accessories Kit,242.31,7
Garden Tool Set,390.71,3
Smart Fitness Scale,198.71,23
Savory Quinoa Pudding,235.62,18
Wooden Blocks,258.39,13
Frozen Mixed Vegetables,17.43,5
BBQ Jackfruit,17.21,7
Rechargeable Hand Warmer,50.25,16
Plant Pot Drip Trays,133.52,25
Noise Cancelling Ear Muffs,34.71,2
Spicy Snack Mix,186.7,19
Pistachios,226.98,3
Maple Glazed Carrots,138.04,19
Kids' Activity Book,162.17,27
Vegan Taco Seasoning,245.15,20
Radish Chips,214.42,21
Maple Pecan Pancake Mix,80.02,9
Sea Salt Caramel Popcorn,323.32,23
LED Christmas Tree Lights,296.62,9
Adjustable Height Standing Desk Converter,383.16,12
Garlic Naan Bread,212.47,19
Non-Slip Yoga Socks,377.56,5
Dark Chocolate Bars,107.99,1
Breezy Off-The-Shoulder Top,143.07,15
Almond Flour Pizza Crust,205.57,20
Gaming Headset,248.75,23
Jigsaw Puzzle,46.62,25
Magnetic Curtain Tiebacks,261.53,17
LED Desk Lamp with USB Charging Port,35.36,27
Natural Peanut Butter,16.14,18
Olive Oil,101.64,16
Travel Mug with Leak-Proof Lid,7.03,3
Almond Flour Bread Mix,47.57,20
Magnet Travel Fridge Magnets,244.07,20
Biodegradable Phone Case,311.86,4
Cheddar Cheese Crackers,207.32,6
Coconut Curry Lentils,360.87,25
Car Vacuum Cleaner,169.63,2
Vegetarian Stir Fry Sauce,345.54,8
Strawberry Banana Smoothie Pack,353.53,24
Self-Watering Planters,392.94,9
Dog Training Collar,249.48,5
Dog Training Clicker,291.07,7
Plant Growing Kit,79.95,25
Casual Sneakers,388.86,10
Bamboo Cotton Tank Top,72.73,17
Rice Cakes,97.76,3
Mobile Workbench,145.7,22
Faux Fur Throw Blanket,383.26,17
Organic Coconut Yogurt,365.69,5
Leather Wallet,10.66,25
Wireless Charging Pad,75.51,15
Garlic Herb Seasoning,69.73,19
Organic Green Lentils,222.08,27
Smoked Paprika,243.94,4
Home Karaoke System,218.33,11
Air Mattress,68.29,7
Mini Meatballs,43.53,4
High-Low Hem Tee,225.5,2
Organic Tomato Soup,103.46,12
Veggie Lovers Pizza,10.49,27
Peach Mango Smoothie Mix,234.17,12
Teriyaki Sauce,134.35,4
Sliced Bread,157.38,20
Travel Pillow with Memory Foam,189.86,4
Classic Black Dress,338.31,16
Apple Cinnamon Instant Oatmeal,25.35,2
Portable Electric Fan,58.18,25
Smartphone Photography Tripod,173.25,7
Tandoori Chicken Skewers,336.42,21
Garlic and Herb Rub,29.87,27
Dog Training Clicker,295.12,4
Rechargeable Electric Toothbrush,215.49,16
Streaming Device,154.74,18
Dill Pickle Chips,6.84,2
Winter Knit Beanie,352.99,26
Vegan Tacos,19.46,16
Chocolate Chip Cliff Bars,230.14,21
Crispy Tofu Bites,45.43,27
Glass Water Bottle,226.31,20
Smart Doorbell,259.47,19
Creamy Ranch Dressing,41.54,11
Nutty Trail Mix,313.76,21
Interactive Plush Toy,102.39,21
Chilli Lime Corn on the Cob,264.38,26
Personalized Pet ID Tags,150.17,10
Electric Rice Cooker,67.27,9
Deep Tissue Massage Gun,307.35,17
Pineapple Salsa,116.59,11
Rechargeable Battery Organizer,297.28,6
Wireless Security System,145.59,6
Maple Almond Yogurt,51.01,20
Lemon Garlic Marinade,68.49,5
Samoas Cookie Mix,276.61,5
Dog Training Clicker,398.72,20
Apple Cinnamon Granola,333.85,14
Coconut Yogurt,349.4,2
Streaming Device,294.14,12
Pepper Jack Cheese Slices,68.38,5
Soft Plush Throw Blanket,283.34,24
Pasta Maker,140.19,26
Ramen Noodle Soup Cups,11.08,7
Maxi Wrap Dress,188.05,22
Fruit and Nut Energy Bites,185.05,27
Hair Dryer,281.49,9
Sweet Potato Fries,306.21,27
French Onion Dip,349.36,11
Electric Heat Pad,25.15,9
Portable Folding Picnic Table,274.48,3
Herbed Mushroom Risotto,48.79,21
Warm Knit Beanie,348.98,3
Honey BBQ Riblets,193.28,17
Non-Stick Baking Sheets,151.62,16
Brown Sugar,323.08,23
Honey Mustard Sauce,192.66,13
Portable Blender,130.71,9
Magnetic Phone Car Mount,324.49,7
Organic Lentil Soup,133.09,10
Multi-Purpose Marine Rope,34.25,1
Interactive Robot Toy,150.5,2
Protein Bar Variety Pack,281.46,18
Grapes (red),12.37,2
Wireless Mouse,226.61,23
Sooji (Semolina),137.13,19
Zucchini,77.91,21
Maple Almond Butter,333.85,19
Applewood Smoked Bacon,103.95,4
Crispy Onion Rings,375.87,14
Vanilla Pudding Mix,211.46,18
Mango Chunks,161.69,18
Magnetic Spice Jars,159.41,21
Buffalo Wing Sauce,265.4,5
Mixed Berry Smoothie Pack,53.48,14
Surimi Crab Sticks,111.99,20
Balsamic Salad Dressing,382.58,16
Classic Pesto Sauce,122.06,12
Classic Cheesecake Mix,331.66,11
Tailored Blazer,216.83,15
High-Speed Hand Blender,75.45,23
Field Journal,328.46,1
Art Supplies Organizer,364.68,12
Spice Rack,197.81,4
Peach Slices in Syrup,249.8,24
Teriyaki Stir-Fry Sauce,76.48,3
Terry Cloth Robe,27.05,15
Spicy Beef Taco Mix,384.06,14
Roasted Garlic Pasta Sauce,70.75,20
Pet Hair Remover,385.48,15
Vegan Mac & Cheese,305.66,22
Organic Fruit Salad,188.56,6
Pet Hair Vacuum Attachment,20.0,6
Pet Safety Harness,301.18,16
Whole Wheat Pasta,262.01,3
Fitness Activity Journal,180.77,27
Frozen Mixed Berries,232.1,10
Reusable Silicone Food Storage Bags,249.44,6
Faux Leather Leggings,283.08,6
Digital Alarm Clock,372.9,19
Winter Insulated Jacket,248.76,22
Eggs (dozen),358.77,13
Wall-Mounted Spice Rack,187.5,12
Organic Tomato Soup,90.53,18
Magnetic Whiteboard,390.78,21
Stainless Steel Travel Mug,34.39,10
Linen Trousers,310.22,7
Sports Bottle,280.33,25
LED Strip Light Kit,211.5,4
Coconut Cream Pie Yogurt,179.07,24
Acoustic Guitar,4.01,16
Wine Glasses,221.03,22
Wi-Fi Enabled Smart Light Switch,148.35,1
Popcorn Chicken,269.3,16
Coconut Almond Granola,397.89,26
Whole Grain Mustard,91.72,4
Board Game,27.68,7
DIY Candle Kit,257.51,7
Stainless Steel Travel Mug,349.63,20
Fashionable Scarves Set,227.32,17
Cordless Water Flosser,328.71,9
Crispy Kale Chips,351.2,4
Beef Stroganoff Meal Kit,155.56,12
Magnetic Chess Set,297.47,4
Rice Cakes,85.69,14
Spaghetti Squash,16.21,23
Smart LED Desk Lamp,102.31,23
Kale & Quinoa Salad Mix,381.02,5
Maple Breakfast Sausage,129.17,13
Lentil Pasta,119.26,22
Backpacking Tent,100.86,20
Crispy Onion Rings,391.16,6
Fruit and Nut Bars,250.38,2
Antique Style Clock,55.84,7
Kids' Gardening Kit,24.92,12
Fitness Resistance Bands Kit,5.46,2
Herb Seasoned Croutons,163.78,25
Durable Hiking Boots,25.87,16
Frozen Broccoli,272.56,7
Plant-Based Protein Bars,99.97,11
Vegetable Potstickers,16.06,27
Maple Cinnamon Granola Bars,350.55,8
Thyme,298.15,21
Protein Bar Variety Pack,94.29,10
Gardening Kneeler and Seat,163.63,24
Silicone Wine Glasses,86.48,11
Adjustable Yoga Mat Strap,63.26,23
Rustic Wooden Picture Frame,126.5,18
Fishing Rod,315.47,5
Solar Garden Lights,190.8,10
Hibiscus Tea Bags,295.14,26
Decorative Throw Pillows,290.77,1
Skincare Set,3.44,12
Frozen Berry Medley,388.41,25
Corn Tortillas,242.33,7
Roasted Garlic Aioli,57.4,24
Linen Trousers,190.34,15
Electric Wax Warmer,109.21,12
Golf Putting Green,337.64,23
Dried Cranberries,91.62,7
Antique Style Clock,109.47,12
Baby Monitor,351.95,8
Key Finder,160.28,1
Almond Butter Cookies,344.72,12
Freestanding Wine Rack,381.42,4
Personalized Pet ID Tags,6.95,5
Maple Pecan Pancake Mix,207.09,19
Wireless Mouse,167.66,1
Spicy Thai Coconut Soup,364.22,26
Portable SSD,177.39,27
Smart Fitness Scale,295.06,24
Brown Sugar,148.46,10
Organic Tomato Soup,201.68,17
Electric Opener for Jars and Bottles,262.79,22
Wireless Earbuds,329.33,22
Vegetarian Pizza,85.72,19
Honey Sesame Chicken Mix,51.05,11
Eco-Friendly Disposable Plates,71.25,18
Apple Cinnamon Instant Oatmeal,136.03,12
Crispy Tofu Bites,99.09,17
Antique Style Clock,350.93,13
A-Line Skirt,223.53,11
Car Vacuum,79.31,7
Truffle Parmesan Fries,152.91,24
Non-Stick Crepe Pan,212.42,9
Electric Stir Fry Pan,146.09,7
LED Christmas Tree Lights,1.87,25
Pet Hair Vacuum Cleaner Attachment,42.17,25
Outdoor Adventure Kit,43.38,20
Cream Cheese,1.54,8
Laundry Detergent,249.84,2
Travel Eye Mask with Ear Plugs,394.2,20
Pesto Genovese,162.34,12
Honey Roasted Chickpeas,363.28,15
Vanilla Bean Greek Yogurt,56.09,19
Whole Grain Mustard,309.36,4
Set of Gardening Gloves with Claws,31.8,20
Peanut Butter Filled Pretzels,22.59,10
Educational STEM Kit,369.62,12
Portable Massage Table,1.45,10
Smart Plant Monitor,295.25,20
Fresh Strawberries,6.46,7
Coconut Granola,389.58,1
Kids' Outdoor Explorer Kit,296.42,21
Frozen Acai Bowl,56.53,9
Dried Cranberries,364.64,1
Balsamic Glazed Brussels Sprouts,220.9,14
Garlic & Herb Goat Cheese,37.83,16
Ramen Noodle Soup Cups,199.01,1
Vegetarian Pizza,390.55,4
Decorative Throw Blanket,265.15,19
Herbed Goat Cheese,40.12,11
Classic Caesar Dressing,267.29,27
Tomato Basil Soup,293.28,1
Vegan Alfredo Sauce,337.59,4
Buffalo Chicken Wraps,293.0,10
Sliced Cucumbers,26.59,17
Fridge Magnet Set,253.82,1
Frozen Pizza,37.35,27
Self-Cleaning Water Bottle,24.28,22
Bodyweight Resistance Bands,69.7,16
Laptop Stand,34.57,2
High-Quality Yoga Block,105.64,13
DIY Lip Balm Making Kit,82.67,16
Travel Mug with Leak-Proof Lid,32.03,6
Frozen Berry Medley,264.27,18
Personal Security Alarm Keychain,129.45,6
Gluten-Free Brownies,167.97,5
Crispy Rice Treats,271.99,9
Cinnamon Sugar Mix,245.03,24
Crafting Kit,139.56,9
Athletic Sports Bra,172.06,27
Tomatillo Salsa,323.35,5
Coffee Making Kit,354.74,23
Almond Butter Cookies,17.86,6
Basil Pesto Pasta,217.12,9
Garam Masala Spice Blend,358.79,3
Fresh Lemons,381.62,27
LED Desk Lamp with USB Charging,370.46,2
Teriyaki Chicken Bowl,231.91,6
Sliced Strawberries,142.68,19
Greek Yogurt,241.89,20
Hydration Backpack,267.54,21
Chocolate Coconut Granola,356.73,13
Wall Planner,323.94,19
Cherry Almond Protein Bar,239.02,1
Fitness Jump Rope with LCD Counter,126.24,1
Multifunctional Baby Bottle Warmer,73.22,16
Digital Camera,143.72,4
Sliced Cucumbers,37.56,22
Low-Fat Cottage Cheese,368.11,18
Buffalo Cauliflower Bites,40.58,10
Watercolor Set,324.01,3
Silicone Stretch Lids,211.47,6
Breathable Face Mask Set,6.58,21
Whole Chicken,386.42,4
Yoga Mat Carrier,270.54,22
Ranch Dressing,230.88,8
Children's Gardening Set,317.07,16
Mayonnaise,158.3,13
Cauliflower Gnocchi,307.2,20
Dried Cranberries,397.07,18
Heavy Duty Gardening Tool Set,44.11,13
Weighted Jump Rope with Counter,91.4,14
Honeycrisp Apple Chips,176.84,20
Vanilla Bean Greek Yogurt,58.35,8
Reclining Camping Chair,104.72,9
Red Lentil Pasta,95.95,21
Casual Cropped Sweater,354.93,10
Miso Soup Mix,200.18,13
Digital Stopwatch Timer,286.1,14
Suction Cup Hooks,10.57,21
Mediterranean Chickpea Bowl,88.43,12
Eggs (dozen),122.49,25
Peas (frozen),342.09,19
Antique Style Clock,307.13,27
Vegetable Spiralizer,375.2,13
Customizable Photo Calendar,355.63,12
Brown Rice,253.8,13
Portable Bluetooth Headphones,47.26,24
Cranberry Orange Oatmeal,295.17,16
Multi-Functional Rice Cooker,126.64,14
